liu-bei,liu bei
liu-bei,liu bei
zhang-fei,zhang fei
zhang-fei,zhang fei
guan-yu,guan yu
zhang-bao,zhang bao
guan-yu,guan yu
liu-bei,liu bei
liu-bei,liu bei
liu-bei,liu bei
gan-shi,gan shi
liu-shan,liu shan
zhu-ge-liang,zhu ge liang
jiang-wei,jiang wei
zhu-ge-liang,zhu ge liang
zhu-ge-liang,zhu ge liang
huang-yue-ying,huang yue ying
zhu-ge-liang,zhu ge liang
gong-sun-zan,gong sun zan
ma-chao,ma chao
ma-chao,ma chao
gong-sun-zan,gong sun zan
ma-teng,ma teng
ma-chao,ma chao
xu-shu,xu shu
xu-shu,xu shu
liu-qi,liu qi
liu-qi,liu qi
liu-bei,liu bei
gan-shi,gan shi
liu-shan,liu shan
jiang-wei,jiang wei
zhu-ge-liang,zhu ge liang
zhu-ge-liang,zhu ge liang
zhu-ge-liang,zhu ge liang
zhu-ge-jin,zhu ge jin
liu-bei,liu bei
liu-bei,liu bei
mi-shi,mi shi
mi-fang,mi fang
mi-fang,mi fang
mi-zhu,mi zhu
wei-yan,wei yan
zhao-yun,zhao yun
huang-zhong,huang zhong
pang-tong,pang tong
fa-zheng,fa zheng
jiang-wan,jiang wan
ma-liang,ma liang
meng-huo,meng huo
sha-mo-ke,sha mo ke
pang-tong,pang tong
ma-liang,ma liang
meng-huo,meng huo
sun-ce,sun ce
lu-xun,lu xun
sun-ce,sun ce
liu-bian,liu bian
liu-xie,liu xie
liu-xie,liu xie
wang-yun,wang yun
lv-bu,lv bu
lv-bu,lv bu
lv-bu,lv bu
gao-shun,gao shun
chen-gong,chen gong
zhang-liao,zhang liao
zhang-liao,zhang liao
liu-xie,liu xie
liu-biao,liu biao
cai-shi,cai shi
cai-mao,cai mao
kuai-yue,kuai yue
huang-zu,huang zu
wen-pin,wen pin
cai-mao,cai mao
zhang-jiao,zhang jiao
zhang-bao,zhang bao
liu-xie,liu xie
yuan-shao,yuan shao
yuan-shao,yuan shao
yuan-tan,yuan tan
yuan-xi,yuan xi
wu-guo-tai,wu guo tai
sun-jian,sun jian
sun-jian,sun jian
sun-ce,sun ce
sun-ce,sun ce
da-qiao,da qiao
xiao-qiao,xiao qiao
zhou-yu,zhou yu
lu-xun,lu xun
lu-xun,lu xun
ding-feng,ding feng
xu-sheng,xu sheng
lu-su,lu su
zhang-zhao,zhang zhao
jiang-qin,jiang qin
tai-shi-ci,tai shi ci
zhou-tai,zhou tai
ling-tong,ling tong
lv-meng,lv meng
gan-ning,gan ning
huang-gai,huang gai
han-dang,han dang
cheng-pu,cheng pu
cao-cao,cao cao
cao-song,cao song
cao-cao,cao cao
zhang-xiu,zhang xiu
zhang-xiu,zhang xiu
cao-cao,cao cao
qing-he-gong-zhu,qing he gong zhu
xia-hou-mao,xia hou mao
xia-hou-chun,xia hou chun
xia-hou-chun,xia hou chun
xia-hou-chun,xia hou chun
xia-hou-yuan,xia hou yuan
xia-hou-yuan,xia hou yuan
cao-zhen,cao zhen
cao-zhen,cao zhen
guo-jia,guo jia
xu-huang,xu huang
le-jin,le jin
zhang-he,zhang he
xu-chu,xu chu
dian-wei,dian wei
xun-yu,xun yu
xun-you,xun you
xun-you,xun you
jia-xu,jia xu
si-ma-yi,si ma yi
cheng-yu,cheng yu
yu-jin,yu jin
deng-ai,deng ai
zhong-hui,zhong hui
pang-de,pang de
si-ma-yi,si ma yi
si-ma-shi,si ma shi
si-ma-yi,si ma yi
si-ma-zhao,si ma zhao
cao-cao,cao cao
cao-ren,cao ren
cao-cao,cao cao
cao-cao,cao cao
liu-shi,liu shi
cao-cao,cao cao
bian-shi,bian shi
cao-pi,cao pi
zhu-ge-liang,zhu ge liang
liu-bei,liu bei
sun-quan,sun quan
sun-quan,sun quan
